,precision,recall,f1-score,support
0,0.982010582010582,0.9914529914529915,0.986709197235513,936.0
1,0.9558011049723757,0.9105263157894737,0.9326145552560647,190.0
accuracy,0.977797513321492,0.977797513321492,0.977797513321492,0.977797513321492
macro avg,0.9689058434914788,0.9509896536212326,0.9596618762457889,1126.0
weighted avg,0.977588023718167,0.977797513321492,0.9775813269192651,1126.0
