,precision,recall,f1-score,support
0,0.9830508474576272,0.9914529914529915,0.9872340425531915,936.0
1,0.9560439560439561,0.9157894736842105,0.9354838709677419,190.0
accuracy,0.9786856127886323,0.9786856127886323,0.9786856127886323,0.9786856127886323
macro avg,0.9695474017507917,0.953621232568601,0.9613589567604667,1126.0
weighted avg,0.9784937343416436,0.9786856127886323,0.9785017755893944,1126.0
